<ImportExportXml version="9.1.0.15947" SolutionPackageVersion="9.1" languagecode="1033" generatedBy="CrmLive" xmlns:xsi="http://www.w3.org/2001/XMLSchema-instance">
  <SolutionManifest>
    <UniqueName>Gov4Good</UniqueName>
    <LocalizedNames>
      <LocalizedName description="Gov4Good" languagecode="1033" />
    </LocalizedNames>
    <Descriptions />
    <Version>1.0.0.0</Version>
    <Managed>1</Managed>
    <Publisher>
      <UniqueName>DefaultPublishergov4good</UniqueName>
      <LocalizedNames>
        <LocalizedName description="Default Publisher for gov4good" languagecode="1033" />
      </LocalizedNames>
      <Descriptions>
        <Description description="Default publisher for this organization" languagecode="1033" />
      </Descriptions>
      <EMailAddress xsi:nil="true"></EMailAddress>
      <SupportingWebsiteUrl xsi:nil="true"></SupportingWebsiteUrl>
      <CustomizationPrefix>new</CustomizationPrefix>
      <CustomizationOptionValuePrefix>10000</CustomizationOptionValuePrefix>
      <Addresses>
        <Address>
          <AddressNumber>1</AddressNumber>
          <AddressTypeCode xsi:nil="true"></AddressTypeCode>
          <City xsi:nil="true"></City>
          <County xsi:nil="true"></County>
          <Country xsi:nil="true"></Country>
          <Fax xsi:nil="true"></Fax>
          <FreightTermsCode xsi:nil="true"></FreightTermsCode>
          <ImportSequenceNumber xsi:nil="true"></ImportSequenceNumber>
          <Latitude xsi:nil="true"></Latitude>
          <Line1 xsi:nil="true"></Line1>
          <Line2 xsi:nil="true"></Line2>
          <Line3 xsi:nil="true"></Line3>
          <Longitude xsi:nil="true"></Longitude>
          <Name xsi:nil="true"></Name>
          <PostalCode xsi:nil="true"></PostalCode>
          <PostOfficeBox xsi:nil="true"></PostOfficeBox>
          <PrimaryContactName xsi:nil="true"></PrimaryContactName>
          <ShippingMethodCode xsi:nil="true"></ShippingMethodCode>
          <StateOrProvince xsi:nil="true"></StateOrProvince>
          <Telephone1 xsi:nil="true"></Telephone1>
          <Telephone2 xsi:nil="true"></Telephone2>
          <Telephone3 xsi:nil="true"></Telephone3>
          <TimeZoneRuleVersionNumber xsi:nil="true"></TimeZoneRuleVersionNumber>
          <UPSZone xsi:nil="true"></UPSZone>
          <UTCOffset xsi:nil="true"></UTCOffset>
          <UTCConversionTimeZoneCode xsi:nil="true"></UTCConversionTimeZoneCode>
        </Address>
        <Address>
          <AddressNumber>2</AddressNumber>
          <AddressTypeCode xsi:nil="true"></AddressTypeCode>
          <City xsi:nil="true"></City>
          <County xsi:nil="true"></County>
          <Country xsi:nil="true"></Country>
          <Fax xsi:nil="true"></Fax>
          <FreightTermsCode xsi:nil="true"></FreightTermsCode>
          <ImportSequenceNumber xsi:nil="true"></ImportSequenceNumber>
          <Latitude xsi:nil="true"></Latitude>
          <Line1 xsi:nil="true"></Line1>
          <Line2 xsi:nil="true"></Line2>
          <Line3 xsi:nil="true"></Line3>
          <Longitude xsi:nil="true"></Longitude>
          <Name xsi:nil="true"></Name>
          <PostalCode xsi:nil="true"></PostalCode>
          <PostOfficeBox xsi:nil="true"></PostOfficeBox>
          <PrimaryContactName xsi:nil="true"></PrimaryContactName>
          <ShippingMethodCode xsi:nil="true"></ShippingMethodCode>
          <StateOrProvince xsi:nil="true"></StateOrProvince>
          <Telephone1 xsi:nil="true"></Telephone1>
          <Telephone2 xsi:nil="true"></Telephone2>
          <Telephone3 xsi:nil="true"></Telephone3>
          <TimeZoneRuleVersionNumber xsi:nil="true"></TimeZoneRuleVersionNumber>
          <UPSZone xsi:nil="true"></UPSZone>
          <UTCOffset xsi:nil="true"></UTCOffset>
          <UTCConversionTimeZoneCode xsi:nil="true"></UTCConversionTimeZoneCode>
        </Address>
      </Addresses>
    </Publisher>
    <RootComponents>
      <RootComponent type="1" schemaName="account" behavior="1" />
      <RootComponent type="1" schemaName="contact" behavior="1" />
      <RootComponent type="1" schemaName="email" behavior="0" />
      <RootComponent type="1" schemaName="incident" behavior="1" />
      <RootComponent type="1" schemaName="msdyn_bpf_989e9b1857e24af18787d5143b67523b" behavior="0" />
      <RootComponent type="1" schemaName="new_category" behavior="0" />
      <RootComponent type="1" schemaName="new_portalservicerequest" behavior="0" />
      <RootComponent type="1" schemaName="new_servicerequestresolution" behavior="0" />
      <RootComponent type="1" schemaName="new_subcategory" behavior="0" />
      <RootComponent type="1" schemaName="new_twilioconfiguration" behavior="0" />
      <RootComponent type="1" schemaName="phonecall" behavior="0" />
      <RootComponent type="1" schemaName="phonetocaseprocess" behavior="0" />
      <RootComponent type="9" schemaName="incident_caseorigincode" behavior="0" />
      <RootComponent type="29" id="{0ffbcde4-61c1-4355-aa89-aa1d7b2b8792}" behavior="0" />
      <RootComponent type="29" id="{8d9d5499-678c-ea11-a811-000d3a569702}" behavior="0" />
      <RootComponent type="29" id="{902b6175-da93-4763-9991-f528ed2d41a8}" behavior="0" />
      <RootComponent type="29" id="{989e9b18-57e2-4af1-8787-d5143b67523b}" behavior="0" />
      <RootComponent type="29" id="{9bb2c636-578c-ea11-a811-000d3a569702}" behavior="0" />
      <RootComponent type="29" id="{a52f83c3-578c-ea11-a811-000d3a569702}" behavior="0" />
      <RootComponent type="29" id="{cb06ec75-ebd8-4730-97ae-43416fe003a4}" behavior="0" />
      <RootComponent type="29" id="{d84816f1-4d8c-ea11-a811-000d3a569702}" behavior="0" />
      <RootComponent type="29" id="{eb3e396b-d09f-4abd-a510-f2971b37f53e}" behavior="0" />
      <RootComponent type="60" id="{0c7c1fcb-95fd-4c43-88c8-731813c4abe8}" behavior="0" />
      <RootComponent type="60" id="{0d81cadf-8587-4398-85b4-babdc756666d}" behavior="0" />
      <RootComponent type="60" id="{135e82d9-10ce-49b7-939b-ddbc3b340649}" behavior="0" />
      <RootComponent type="60" id="{1fed44d1-ae68-4a41-bd2b-f13acac4acfa}" />
      <RootComponent type="60" id="{4a63c8d1-6c1e-48ec-9db4-3e6c7155334c}" />
      <RootComponent type="60" id="{4c3e762e-ffee-483c-9b32-08b563f56eb8}" behavior="0" />
      <RootComponent type="60" id="{65770b88-e71d-4c12-9416-94a46819575a}" behavior="0" />
      <RootComponent type="60" id="{661157fe-2fc9-4eaa-835f-5bfa2f7b64f7}" />
      <RootComponent type="60" id="{707fc57b-c5e6-471b-a180-e37ed28a38e2}" />
      <RootComponent type="60" id="{7cefc8d6-0bc7-454a-a44f-92a25db69af7}" behavior="0" />
      <RootComponent type="60" id="{8448b78f-8f42-454e-8e2a-f8196b0419af}" />
      <RootComponent type="60" id="{894cc46a-b0cb-4ab0-8bf6-200544e46a2d}" />
      <RootComponent type="60" id="{8e10b902-0b3e-441c-8b12-88e6c1793848}" />
      <RootComponent type="60" id="{b028db32-3619-48a5-ac51-cf3f947b0ef3}" behavior="0" />
      <RootComponent type="60" id="{b823c25d-8f45-4ac4-9726-a0c5b20be9f8}" behavior="0" />
      <RootComponent type="60" id="{c9e7ec2d-efca-4e4c-b3e3-f63c4bba5e4b}" />
      <RootComponent type="60" id="{e9798d00-8d29-4428-91e6-a96d0f847b3d}" behavior="0" />
      <RootComponent type="61" schemaName="new_/css/bootstrap.min.css" behavior="0" />
      <RootComponent type="61" schemaName="new_/css/style.css" behavior="0" />
      <RootComponent type="61" schemaName="new_/html/OrganizationGrid.html" behavior="0" />
      <RootComponent type="61" schemaName="new_/img/call-hover.svg" behavior="0" />
      <RootComponent type="61" schemaName="new_/img/call.svg" behavior="0" />
      <RootComponent type="61" schemaName="new_/img/envelope-hover.svg" behavior="0" />
      <RootComponent type="61" schemaName="new_/img/envelope.svg" behavior="0" />
      <RootComponent type="61" schemaName="new_/script/bootstrap.min.js" behavior="0" />
      <RootComponent type="61" schemaName="new_/script/ManageSubCategory.js" behavior="0" />
      <RootComponent type="61" schemaName="new_/script/slider.js" behavior="0" />
      <RootComponent type="61" schemaName="new_gov4good.png" behavior="0" />
    </RootComponents>
    <MissingDependencies>
      <MissingDependency>
        <Required key="0" type="1" schemaName="msdyn_bpf_989e9b1857e24af18787d5143b67523b" displayName="Case to Work Order Business Process" solution="FieldService (8.8.0.88)" />
        <Dependent key="0" type="1" schemaName="msdyn_bpf_989e9b1857e24af18787d5143b67523b" displayName="Case to Work Order Business Process" />
      </MissingDependency>
      <MissingDependency>
        <Required key="1" type="1" schemaName="phonetocaseprocess" displayName="Phone To Case Process" solution="msdynce_Service (9.0.5.56)" />
        <Dependent key="2" type="2" schemaName="createdonbehalfbyyominame" parentSchemaName="phonetocaseprocess" parentDisplayName="Phone To Case Process" />
      </MissingDependency>
      <MissingDependency>
        <Required key="0" type="1" schemaName="msdyn_bpf_989e9b1857e24af18787d5143b67523b" displayName="Case to Work Order Business Process" solution="FieldService (8.8.0.88)" />
        <Dependent key="3" type="2" schemaName="modifiedbyyominame" parentSchemaName="msdyn_bpf_989e9b1857e24af18787d5143b67523b" parentDisplayName="Case to Work Order Business Process" />
      </MissingDependency>
      <MissingDependency>
        <Required key="0" type="1" schemaName="msdyn_bpf_989e9b1857e24af18787d5143b67523b" displayName="Case to Work Order Business Process" solution="FieldService (8.8.0.88)" />
        <Dependent key="4" type="2" schemaName="createdonbehalfbyname" parentSchemaName="msdyn_bpf_989e9b1857e24af18787d5143b67523b" parentDisplayName="Case to Work Order Business Process" />
      </MissingDependency>
      <MissingDependency>
        <Required key="1" type="1" schemaName="phonetocaseprocess" displayName="Phone To Case Process" solution="msdynce_Service (9.0.5.56)" />
        <Dependent key="5" type="2" schemaName="incidentidname" parentSchemaName="phonetocaseprocess" parentDisplayName="Phone To Case Process" />
      </MissingDependency>
      <MissingDependency>
        <Required key="0" type="1" schemaName="msdyn_bpf_989e9b1857e24af18787d5143b67523b" displayName="Case to Work Order Business Process" solution="FieldService (8.8.0.88)" />
        <Dependent key="6" type="2" schemaName="modifiedonbehalfbyname" parentSchemaName="msdyn_bpf_989e9b1857e24af18787d5143b67523b" parentDisplayName="Case to Work Order Business Process" />
      </MissingDependency>
      <MissingDependency>
        <Required key="0" type="1" schemaName="msdyn_bpf_989e9b1857e24af18787d5143b67523b" displayName="Case to Work Order Business Process" solution="FieldService (8.8.0.88)" />
        <Dependent key="7" type="2" schemaName="processid" displayName="Process" parentSchemaName="msdyn_bpf_989e9b1857e24af18787d5143b67523b" parentDisplayName="Case to Work Order Business Process" />
      </MissingDependency>
      <MissingDependency>
        <Required key="1" type="1" schemaName="phonetocaseprocess" displayName="Phone To Case Process" solution="msdynce_Service (9.0.5.56)" />
        <Dependent key="8" type="2" schemaName="activestageidname" parentSchemaName="phonetocaseprocess" parentDisplayName="Phone To Case Process" />
      </MissingDependency>
      <MissingDependency>
        <Required key="1" type="1" schemaName="phonetocaseprocess" displayName="Phone To Case Process" solution="msdynce_Service (9.0.5.56)" />
        <Dependent key="9" type="2" schemaName="processidname" parentSchemaName="phonetocaseprocess" parentDisplayName="Phone To Case Process" />
      </MissingDependency>
      <MissingDependency>
        <Required key="1" type="1" schemaName="phonetocaseprocess" displayName="Phone To Case Process" solution="msdynce_Service (9.0.5.56)" />
        <Dependent key="10" type="2" schemaName="transactioncurrencyidname" parentSchemaName="phonetocaseprocess" parentDisplayName="Phone To Case Process" />
      </MissingDependency>
      <MissingDependency>
        <Required key="0" type="1" schemaName="msdyn_bpf_989e9b1857e24af18787d5143b67523b" displayName="Case to Work Order Business Process" solution="FieldService (8.8.0.88)" />
        <Dependent key="11" type="2" schemaName="bpf_incidentidname" parentSchemaName="msdyn_bpf_989e9b1857e24af18787d5143b67523b" parentDisplayName="Case to Work Order Business Process" />
      </MissingDependency>
      <MissingDependency>
        <Required key="1" type="1" schemaName="phonetocaseprocess" displayName="Phone To Case Process" solution="msdynce_Service (9.0.5.56)" />
        <Dependent key="1" type="1" schemaName="phonetocaseprocess" displayName="Phone To Case Process" />
      </MissingDependency>
      <MissingDependency>
        <Required key="12" type="1" schemaName="incident" displayName="Service Request" solution="msdynce_Service (9.0.5.56)" />
        <Dependent key="12" type="1" schemaName="incident" displayName="Service Request" />
      </MissingDependency>
      <MissingDependency>
        <Required key="0" type="1" schemaName="msdyn_bpf_989e9b1857e24af18787d5143b67523b" displayName="Case to Work Order Business Process" solution="FieldService (8.8.0.88)" />
        <Dependent key="13" type="2" schemaName="createdbyyominame" parentSchemaName="msdyn_bpf_989e9b1857e24af18787d5143b67523b" parentDisplayName="Case to Work Order Business Process" />
      </MissingDependency>
      <MissingDependency>
        <Required key="0" type="1" schemaName="msdyn_bpf_989e9b1857e24af18787d5143b67523b" displayName="Case to Work Order Business Process" solution="FieldService (8.8.0.88)" />
        <Dependent key="14" type="2" schemaName="statuscodename" parentSchemaName="msdyn_bpf_989e9b1857e24af18787d5143b67523b" parentDisplayName="Case to Work Order Business Process" />
      </MissingDependency>
      <MissingDependency>
        <Required key="1" type="1" schemaName="phonetocaseprocess" displayName="Phone To Case Process" solution="msdynce_Service (9.0.5.56)" />
        <Dependent key="15" type="2" schemaName="createdbyname" parentSchemaName="phonetocaseprocess" parentDisplayName="Phone To Case Process" />
      </MissingDependency>
      <MissingDependency>
        <Required key="0" type="1" schemaName="msdyn_bpf_989e9b1857e24af18787d5143b67523b" displayName="Case to Work Order Business Process" solution="FieldService (8.8.0.88)" />
        <Dependent key="16" type="2" schemaName="createdonbehalfbyyominame" parentSchemaName="msdyn_bpf_989e9b1857e24af18787d5143b67523b" parentDisplayName="Case to Work Order Business Process" />
      </MissingDependency>
      <MissingDependency>
        <Required key="0" type="1" schemaName="msdyn_bpf_989e9b1857e24af18787d5143b67523b" displayName="Case to Work Order Business Process" solution="FieldService (8.8.0.88)" />
        <Dependent key="17" type="2" schemaName="activestageid" displayName="Active Stage" parentSchemaName="msdyn_bpf_989e9b1857e24af18787d5143b67523b" parentDisplayName="Case to Work Order Business Process" />
      </MissingDependency>
      <MissingDependency>
        <Required key="0" type="1" schemaName="msdyn_bpf_989e9b1857e24af18787d5143b67523b" displayName="Case to Work Order Business Process" solution="FieldService (8.8.0.88)" />
        <Dependent key="18" type="2" schemaName="bpf_msdyn_workorderidname" parentSchemaName="msdyn_bpf_989e9b1857e24af18787d5143b67523b" parentDisplayName="Case to Work Order Business Process" />
      </MissingDependency>
      <MissingDependency>
        <Required key="0" type="1" schemaName="msdyn_bpf_989e9b1857e24af18787d5143b67523b" displayName="Case to Work Order Business Process" solution="FieldService (8.8.0.88)" />
        <Dependent key="19" type="2" schemaName="modifiedbyname" parentSchemaName="msdyn_bpf_989e9b1857e24af18787d5143b67523b" parentDisplayName="Case to Work Order Business Process" />
      </MissingDependency>
      <MissingDependency>
        <Required key="0" type="1" schemaName="msdyn_bpf_989e9b1857e24af18787d5143b67523b" displayName="Case to Work Order Business Process" solution="FieldService (8.8.0.88)" />
        <Dependent key="20" type="2" schemaName="organizationid" displayName="Organization Id" parentSchemaName="msdyn_bpf_989e9b1857e24af18787d5143b67523b" parentDisplayName="Case to Work Order Business Process" />
      </MissingDependency>
      <MissingDependency>
        <Required key="1" type="1" schemaName="phonetocaseprocess" displayName="Phone To Case Process" solution="msdynce_Service (9.0.5.56)" />
        <Dependent key="21" type="2" schemaName="modifiedbyyominame" parentSchemaName="phonetocaseprocess" parentDisplayName="Phone To Case Process" />
      </MissingDependency>
      <MissingDependency>
        <Required key="0" type="1" schemaName="msdyn_bpf_989e9b1857e24af18787d5143b67523b" displayName="Case to Work Order Business Process" solution="FieldService (8.8.0.88)" />
        <Dependent key="22" type="2" schemaName="organizationidname" parentSchemaName="msdyn_bpf_989e9b1857e24af18787d5143b67523b" parentDisplayName="Case to Work Order Business Process" />
      </MissingDependency>
      <MissingDependency>
        <Required key="0" type="1" schemaName="msdyn_bpf_989e9b1857e24af18787d5143b67523b" displayName="Case to Work Order Business Process" solution="FieldService (8.8.0.88)" />
        <Dependent key="23" type="2" schemaName="createdonbehalfby" displayName="Created By (Delegate)" parentSchemaName="msdyn_bpf_989e9b1857e24af18787d5143b67523b" parentDisplayName="Case to Work Order Business Process" />
      </MissingDependency>
      <MissingDependency>
        <Required key="0" type="1" schemaName="msdyn_bpf_989e9b1857e24af18787d5143b67523b" displayName="Case to Work Order Business Process" solution="FieldService (8.8.0.88)" />
        <Dependent key="24" type="2" schemaName="createdbyname" parentSchemaName="msdyn_bpf_989e9b1857e24af18787d5143b67523b" parentDisplayName="Case to Work Order Business Process" />
      </MissingDependency>
      <MissingDependency>
        <Required key="0" type="1" schemaName="msdyn_bpf_989e9b1857e24af18787d5143b67523b" displayName="Case to Work Order Business Process" solution="FieldService (8.8.0.88)" />
        <Dependent key="25" type="2" schemaName="modifiedonbehalfbyyominame" parentSchemaName="msdyn_bpf_989e9b1857e24af18787d5143b67523b" parentDisplayName="Case to Work Order Business Process" />
      </MissingDependency>
      <MissingDependency>
        <Required key="1" type="1" schemaName="phonetocaseprocess" displayName="Phone To Case Process" solution="msdynce_Service (9.0.5.56)" />
        <Dependent key="26" type="2" schemaName="modifiedonbehalfbyname" parentSchemaName="phonetocaseprocess" parentDisplayName="Phone To Case Process" />
      </MissingDependency>
      <MissingDependency>
        <Required key="0" type="1" schemaName="msdyn_bpf_989e9b1857e24af18787d5143b67523b" displayName="Case to Work Order Business Process" solution="FieldService (8.8.0.88)" />
        <Dependent key="27" type="2" schemaName="createdby" displayName="Created By" parentSchemaName="msdyn_bpf_989e9b1857e24af18787d5143b67523b" parentDisplayName="Case to Work Order Business Process" />
      </MissingDependency>
      <MissingDependency>
        <Required key="0" type="1" schemaName="msdyn_bpf_989e9b1857e24af18787d5143b67523b" displayName="Case to Work Order Business Process" solution="FieldService (8.8.0.88)" />
        <Dependent key="28" type="2" schemaName="traversedpath" displayName="Traversed Path" parentSchemaName="msdyn_bpf_989e9b1857e24af18787d5143b67523b" parentDisplayName="Case to Work Order Business Process" />
      </MissingDependency>
      <MissingDependency>
        <Required key="0" type="1" schemaName="msdyn_bpf_989e9b1857e24af18787d5143b67523b" displayName="Case to Work Order Business Process" solution="FieldService (8.8.0.88)" />
        <Dependent key="29" type="2" schemaName="versionnumber" displayName="Version Number" parentSchemaName="msdyn_bpf_989e9b1857e24af18787d5143b67523b" parentDisplayName="Case to Work Order Business Process" />
      </MissingDependency>
      <MissingDependency>
        <Required key="0" type="1" schemaName="msdyn_bpf_989e9b1857e24af18787d5143b67523b" displayName="Case to Work Order Business Process" solution="FieldService (8.8.0.88)" />
        <Dependent key="30" type="2" schemaName="modifiedonbehalfby" displayName="Modified By (Delegate)" parentSchemaName="msdyn_bpf_989e9b1857e24af18787d5143b67523b" parentDisplayName="Case to Work Order Business Process" />
      </MissingDependency>
      <MissingDependency>
        <Required key="1" type="1" schemaName="phonetocaseprocess" displayName="Phone To Case Process" solution="msdynce_Service (9.0.5.56)" />
        <Dependent key="31" type="2" schemaName="createdonbehalfbyname" parentSchemaName="phonetocaseprocess" parentDisplayName="Phone To Case Process" />
      </MissingDependency>
      <MissingDependency>
        <Required key="0" type="1" schemaName="msdyn_bpf_989e9b1857e24af18787d5143b67523b" displayName="Case to Work Order Business Process" solution="FieldService (8.8.0.88)" />
        <Dependent key="32" type="2" schemaName="processidname" parentSchemaName="msdyn_bpf_989e9b1857e24af18787d5143b67523b" parentDisplayName="Case to Work Order Business Process" />
      </MissingDependency>
      <MissingDependency>
        <Required key="1" type="1" schemaName="phonetocaseprocess" displayName="Phone To Case Process" solution="msdynce_Service (9.0.5.56)" />
        <Dependent key="33" type="2" schemaName="modifiedonbehalfbyyominame" parentSchemaName="phonetocaseprocess" parentDisplayName="Phone To Case Process" />
      </MissingDependency>
      <MissingDependency>
        <Required key="1" type="1" schemaName="phonetocaseprocess" displayName="Phone To Case Process" solution="msdynce_Service (9.0.5.56)" />
        <Dependent key="34" type="2" schemaName="modifiedbyname" parentSchemaName="phonetocaseprocess" parentDisplayName="Phone To Case Process" />
      </MissingDependency>
      <MissingDependency>
        <Required key="1" type="1" schemaName="phonetocaseprocess" displayName="Phone To Case Process" solution="msdynce_Service (9.0.5.56)" />
        <Dependent key="35" type="2" schemaName="createdbyyominame" parentSchemaName="phonetocaseprocess" parentDisplayName="Phone To Case Process" />
      </MissingDependency>
      <MissingDependency>
        <Required key="1" type="1" schemaName="phonetocaseprocess" displayName="Phone To Case Process" solution="msdynce_Service (9.0.5.56)" />
        <Dependent key="36" type="2" schemaName="organizationidname" parentSchemaName="phonetocaseprocess" parentDisplayName="Phone To Case Process" />
      </MissingDependency>
      <MissingDependency>
        <Required key="0" type="1" schemaName="msdyn_bpf_989e9b1857e24af18787d5143b67523b" displayName="Case to Work Order Business Process" solution="FieldService (8.8.0.88)" />
        <Dependent key="37" type="2" schemaName="activestageidname" parentSchemaName="msdyn_bpf_989e9b1857e24af18787d5143b67523b" parentDisplayName="Case to Work Order Business Process" />
      </MissingDependency>
      <MissingDependency>
        <Required key="1" type="1" schemaName="phonetocaseprocess" displayName="Phone To Case Process" solution="msdynce_Service (9.0.5.56)" />
        <Dependent key="38" type="29" displayName="Phone to Case Process" id="{0ffbcde4-61c1-4355-aa89-aa1d7b2b8792}" />
      </MissingDependency>
      <MissingDependency>
        <Required key="0" type="1" schemaName="msdyn_bpf_989e9b1857e24af18787d5143b67523b" displayName="Case to Work Order Business Process" solution="FieldService (8.8.0.88)" />
        <Dependent key="39" type="10" schemaName="bpf_msdyn_workorder_msdyn_bpf_989e9b1857e24af18787d5143b67523b" displayName="bpf_msdyn_workorder_msdyn_bpf_989e9b1857e24af18787d5143b67523b" parentSchemaName="msdyn_workorder" parentDisplayName="Work Order" />
      </MissingDependency>
      <MissingDependency>
        <Required key="0" type="1" schemaName="msdyn_bpf_989e9b1857e24af18787d5143b67523b" displayName="Case to Work Order Business Process" solution="FieldService (8.8.0.88)" />
        <Dependent key="40" type="10" schemaName="bpf_incident_msdyn_bpf_989e9b1857e24af18787d5143b67523b" displayName="bpf_incident_msdyn_bpf_989e9b1857e24af18787d5143b67523b" parentSchemaName="incident" parentDisplayName="Service Request" />
      </MissingDependency>
      <MissingDependency>
        <Required key="0" type="1" schemaName="msdyn_bpf_989e9b1857e24af18787d5143b67523b" displayName="Case to Work Order Business Process" solution="FieldService (8.8.0.88)" />
        <Dependent key="41" type="2" schemaName="modifiedby" displayName="Modified By" parentSchemaName="msdyn_bpf_989e9b1857e24af18787d5143b67523b" parentDisplayName="Case to Work Order Business Process" />
      </MissingDependency>
      <MissingDependency>
        <Required key="0" type="1" schemaName="msdyn_bpf_989e9b1857e24af18787d5143b67523b" displayName="Case to Work Order Business Process" solution="FieldService (8.8.0.88)" />
        <Dependent key="42" type="2" schemaName="statecodename" parentSchemaName="msdyn_bpf_989e9b1857e24af18787d5143b67523b" parentDisplayName="Case to Work Order Business Process" />
      </MissingDependency>
      <MissingDependency>
        <Required key="43" type="1" schemaName="new_servicerequestcollection" displayName="Service Request Collection" solution="Active" />
        <Dependent key="44" type="60" displayName="Information" parentDisplayName="Service Request Collection" id="{7cefc8d6-0bc7-454a-a44f-92a25db69af7}" />
      </MissingDependency>
      <MissingDependency>
        <Required key="43" type="1" schemaName="new_servicerequestcollection" displayName="Service Request Collection" solution="Active" />
        <Dependent key="45" type="29" displayName="Generate Service Request" id="{eb3e396b-d09f-4abd-a510-f2971b37f53e}" />
      </MissingDependency>
      <MissingDependency>
        <Required key="46" type="1" schemaName="msdyn_workorder" displayName="Work Order" solution="FieldService (8.8.0.88)" />
        <Dependent key="39" type="10" schemaName="bpf_msdyn_workorder_msdyn_bpf_989e9b1857e24af18787d5143b67523b" displayName="bpf_msdyn_workorder_msdyn_bpf_989e9b1857e24af18787d5143b67523b" parentSchemaName="msdyn_workorder" parentDisplayName="Work Order" />
      </MissingDependency>
      <MissingDependency>
        <Required key="43" type="1" schemaName="new_servicerequestcollection" displayName="Service Request Collection" solution="Active" />
        <Dependent key="47" type="60" displayName="Portal - Service Request Collection Create" parentDisplayName="Service Request Collection" id="{e9798d00-8d29-4428-91e6-a96d0f847b3d}" />
      </MissingDependency>
      <MissingDependency>
        <Required key="48" type="1" schemaName="contract" displayName="Contract" solution="msdynce_Service (9.0.5.56)" />
        <Dependent key="49" type="60" displayName="Case" parentDisplayName="Service Request" id="{4a63c8d1-6c1e-48ec-9db4-3e6c7155334c}" />
      </MissingDependency>
      <MissingDependency>
        <Required key="50" type="2" schemaName="defaultpricelevelid" displayName="Price List" parentSchemaName="contact" parentDisplayName="People" solution="msdynce_ProductManagement (9.0.4.0066)" />
        <Dependent key="51" type="60" displayName="Information" parentDisplayName="People" id="{894cc46a-b0cb-4ab0-8bf6-200544e46a2d}" />
      </MissingDependency>
      <MissingDependency>
        <Required key="52" type="2" schemaName="title" displayName="Case Title" parentSchemaName="incident" parentDisplayName="Service Request" solution="msdynce_Service (9.0.5.56)" />
        <Dependent key="53" type="29" displayName="Send Email to Accounts" id="{cb06ec75-ebd8-4730-97ae-43416fe003a4}" />
      </MissingDependency>
      <MissingDependency>
        <Required key="54" type="2" schemaName="incidentid" displayName="Case" parentSchemaName="incident" parentDisplayName="Service Request" solution="msdynce_Service (9.0.5.56)" />
        <Dependent key="53" type="29" displayName="Send Email to Accounts" id="{cb06ec75-ebd8-4730-97ae-43416fe003a4}" />
      </MissingDependency>
      <MissingDependency>
        <Required key="52" type="2" schemaName="title" displayName="Case Title" parentSchemaName="incident" parentDisplayName="Service Request" solution="msdynce_Service (9.0.5.56)" />
        <Dependent key="40" type="10" schemaName="bpf_incident_msdyn_bpf_989e9b1857e24af18787d5143b67523b" displayName="bpf_incident_msdyn_bpf_989e9b1857e24af18787d5143b67523b" parentSchemaName="incident" parentDisplayName="Service Request" />
      </MissingDependency>
      <MissingDependency>
        <Required key="52" type="2" schemaName="title" displayName="Case Title" parentSchemaName="incident" parentDisplayName="Service Request" solution="msdynce_Service (9.0.5.56)" />
        <Dependent key="55" type="10" schemaName="new_incident_new_servicerequestresolution_ServiceRequest" displayName="new_incident_new_servicerequestresolution_ServiceRequest" parentSchemaName="incident" parentDisplayName="Service Request" />
      </MissingDependency>
      <MissingDependency>
        <Required key="54" type="2" schemaName="incidentid" displayName="Case" parentSchemaName="incident" parentDisplayName="Service Request" solution="msdynce_Service (9.0.5.56)" />
        <Dependent key="40" type="10" schemaName="bpf_incident_msdyn_bpf_989e9b1857e24af18787d5143b67523b" displayName="bpf_incident_msdyn_bpf_989e9b1857e24af18787d5143b67523b" parentSchemaName="incident" parentDisplayName="Service Request" />
      </MissingDependency>
      <MissingDependency>
        <Required key="56" type="2" schemaName="customerid" displayName="Customer" parentSchemaName="incident" parentDisplayName="Service Request" solution="msdynce_Service (9.0.5.56)" />
        <Dependent key="49" type="60" displayName="Case" parentDisplayName="Service Request" id="{4a63c8d1-6c1e-48ec-9db4-3e6c7155334c}" />
      </MissingDependency>
      <MissingDependency>
        <Required key="57" type="2" schemaName="responseby" displayName="First Response By" parentSchemaName="incident" parentDisplayName="Service Request" solution="msdynce_Service (9.0.5.56)" />
        <Dependent key="49" type="60" displayName="Case" parentDisplayName="Service Request" id="{4a63c8d1-6c1e-48ec-9db4-3e6c7155334c}" />
      </MissingDependency>
      <MissingDependency>
        <Required key="58" type="2" schemaName="preferredserviceid" displayName="Preferred Service" parentSchemaName="contact" parentDisplayName="People" solution="msdynce_Service (9.0.5.56)" />
        <Dependent key="51" type="60" displayName="Information" parentDisplayName="People" id="{894cc46a-b0cb-4ab0-8bf6-200544e46a2d}" />
      </MissingDependency>
      <MissingDependency>
        <Required key="59" type="2" schemaName="statuscode" displayName="Status Reason" parentSchemaName="incident" parentDisplayName="Service Request" solution="msdynce_Service (9.0.5.56)" />
        <Dependent key="49" type="60" displayName="Case" parentDisplayName="Service Request" id="{4a63c8d1-6c1e-48ec-9db4-3e6c7155334c}" />
      </MissingDependency>
      <MissingDependency>
        <Required key="60" type="2" schemaName="originatingleadid" displayName="Originating Lead" parentSchemaName="contact" parentDisplayName="People" solution="msdynce_LeadManagement (9.0.4.0066)" />
        <Dependent key="51" type="60" displayName="Information" parentDisplayName="People" id="{894cc46a-b0cb-4ab0-8bf6-200544e46a2d}" />
      </MissingDependency>
      <MissingDependency>
        <Required key="61" type="2" schemaName="preferredequipmentid" displayName="Preferred Facility/Equipment" parentSchemaName="contact" parentDisplayName="People" solution="msdynce_Service (9.0.5.56)" />
        <Dependent key="51" type="60" displayName="Information" parentDisplayName="People" id="{894cc46a-b0cb-4ab0-8bf6-200544e46a2d}" />
      </MissingDependency>
      <MissingDependency>
        <Required key="62" type="2" schemaName="ticketnumber" displayName="Case Number" parentSchemaName="incident" parentDisplayName="Service Request" solution="msdynce_Service (9.0.5.56)" />
        <Dependent key="49" type="60" displayName="Case" parentDisplayName="Service Request" id="{4a63c8d1-6c1e-48ec-9db4-3e6c7155334c}" />
      </MissingDependency>
      <MissingDependency>
        <Required key="63" type="2" schemaName="description" displayName="Description" parentSchemaName="incident" parentDisplayName="Service Request" solution="msdynce_Service (9.0.5.56)" />
        <Dependent key="49" type="60" displayName="Case" parentDisplayName="Service Request" id="{4a63c8d1-6c1e-48ec-9db4-3e6c7155334c}" />
      </MissingDependency>
      <MissingDependency>
        <Required key="64" type="2" schemaName="productserialnumber" displayName="Serial Number" parentSchemaName="incident" parentDisplayName="Service Request" solution="msdynce_Service (9.0.5.56)" />
        <Dependent key="49" type="60" displayName="Case" parentDisplayName="Service Request" id="{4a63c8d1-6c1e-48ec-9db4-3e6c7155334c}" />
      </MissingDependency>
      <MissingDependency>
        <Required key="65" type="2" schemaName="adx_resolutiondate" displayName="Resolution Date" parentSchemaName="incident" parentDisplayName="Service Request" solution="CustomerService (9.0.12.10)" />
        <Dependent key="49" type="60" displayName="Case" parentDisplayName="Service Request" id="{4a63c8d1-6c1e-48ec-9db4-3e6c7155334c}" />
      </MissingDependency>
      <MissingDependency>
        <Required key="66" type="2" schemaName="contractid" displayName="Contract" parentSchemaName="incident" parentDisplayName="Service Request" solution="msdynce_Service (9.0.5.56)" />
        <Dependent key="49" type="60" displayName="Case" parentDisplayName="Service Request" id="{4a63c8d1-6c1e-48ec-9db4-3e6c7155334c}" />
      </MissingDependency>
      <MissingDependency>
        <Required key="67" type="2" schemaName="adx_stepstoreproduce" displayName="Steps to Reproduce" parentSchemaName="incident" parentDisplayName="Service Request" solution="CustomerService (9.0.12.10)" />
        <Dependent key="49" type="60" displayName="Case" parentDisplayName="Service Request" id="{4a63c8d1-6c1e-48ec-9db4-3e6c7155334c}" />
      </MissingDependency>
      <MissingDependency>
        <Required key="52" type="2" schemaName="title" displayName="Case Title" parentSchemaName="incident" parentDisplayName="Service Request" solution="msdynce_Service (9.0.5.56)" />
        <Dependent key="49" type="60" displayName="Case" parentDisplayName="Service Request" id="{4a63c8d1-6c1e-48ec-9db4-3e6c7155334c}" />
      </MissingDependency>
      <MissingDependency>
        <Required key="68" type="2" schemaName="primarycontactid" displayName="Contact" parentSchemaName="incident" parentDisplayName="Service Request" solution="msdynce_Service (9.0.5.56)" />
        <Dependent key="49" type="60" displayName="Case" parentDisplayName="Service Request" id="{4a63c8d1-6c1e-48ec-9db4-3e6c7155334c}" />
      </MissingDependency>
      <MissingDependency>
        <Required key="69" type="2" schemaName="contractservicelevelcode" displayName="Service Level" parentSchemaName="incident" parentDisplayName="Service Request" solution="msdynce_Service (9.0.5.56)" />
        <Dependent key="49" type="60" displayName="Case" parentDisplayName="Service Request" id="{4a63c8d1-6c1e-48ec-9db4-3e6c7155334c}" />
      </MissingDependency>
      <MissingDependency>
        <Required key="52" type="2" schemaName="title" displayName="Case Title" parentSchemaName="incident" parentDisplayName="Service Request" solution="msdynce_Service (9.0.5.56)" />
        <Dependent key="70" type="29" displayName="Send Voice Call to Accounts" id="{902b6175-da93-4763-9991-f528ed2d41a8}" />
      </MissingDependency>
      <MissingDependency>
        <Required key="54" type="2" schemaName="incidentid" displayName="Case" parentSchemaName="incident" parentDisplayName="Service Request" solution="msdynce_Service (9.0.5.56)" />
        <Dependent key="70" type="29" displayName="Send Voice Call to Accounts" id="{902b6175-da93-4763-9991-f528ed2d41a8}" />
      </MissingDependency>
      <MissingDependency>
        <Required key="71" type="2" schemaName="createdon" displayName="Created On" parentSchemaName="incident" parentDisplayName="Service Request" solution="msdynce_Service (9.0.5.56)" />
        <Dependent key="72" type="26" schemaName="All Cases" displayName="All Cases" parentSchemaName="incident" parentDisplayName="Service Request" id="{00000000-0000-0000-00aa-000010001030}" />
      </MissingDependency>
      <MissingDependency>
        <Required key="54" type="2" schemaName="incidentid" displayName="Case" parentSchemaName="incident" parentDisplayName="Service Request" solution="msdynce_Service (9.0.5.56)" />
        <Dependent key="72" type="26" schemaName="All Cases" displayName="All Cases" parentSchemaName="incident" parentDisplayName="Service Request" id="{00000000-0000-0000-00aa-000010001030}" />
      </MissingDependency>
      <MissingDependency>
        <Required key="73" type="2" schemaName="ownerid" displayName="Owner" parentSchemaName="incident" parentDisplayName="Service Request" solution="msdynce_Service (9.0.5.56)" />
        <Dependent key="72" type="26" schemaName="All Cases" displayName="All Cases" parentSchemaName="incident" parentDisplayName="Service Request" id="{00000000-0000-0000-00aa-000010001030}" />
      </MissingDependency>
      <MissingDependency>
        <Required key="74" type="2" schemaName="statecode" displayName="Status" parentSchemaName="incident" parentDisplayName="Service Request" solution="msdynce_Service (9.0.5.56)" />
        <Dependent key="72" type="26" schemaName="All Cases" displayName="All Cases" parentSchemaName="incident" parentDisplayName="Service Request" id="{00000000-0000-0000-00aa-000010001030}" />
      </MissingDependency>
      <MissingDependency>
        <Required key="56" type="2" schemaName="customerid" displayName="Customer" parentSchemaName="incident" parentDisplayName="Service Request" solution="msdynce_Service (9.0.5.56)" />
        <Dependent key="72" type="26" schemaName="All Cases" displayName="All Cases" parentSchemaName="incident" parentDisplayName="Service Request" id="{00000000-0000-0000-00aa-000010001030}" />
      </MissingDependency>
      <MissingDependency>
        <Required key="62" type="2" schemaName="ticketnumber" displayName="Case Number" parentSchemaName="incident" parentDisplayName="Service Request" solution="msdynce_Service (9.0.5.56)" />
        <Dependent key="72" type="26" schemaName="All Cases" displayName="All Cases" parentSchemaName="incident" parentDisplayName="Service Request" id="{00000000-0000-0000-00aa-000010001030}" />
      </MissingDependency>
      <MissingDependency>
        <Required key="75" type="2" schemaName="prioritycode" displayName="Priority" parentSchemaName="incident" parentDisplayName="Service Request" solution="msdynce_Service (9.0.5.56)" />
        <Dependent key="72" type="26" schemaName="All Cases" displayName="All Cases" parentSchemaName="incident" parentDisplayName="Service Request" id="{00000000-0000-0000-00aa-000010001030}" />
      </MissingDependency>
      <MissingDependency>
        <Required key="76" type="2" schemaName="contractdetailid" displayName="Contract Line" parentSchemaName="incident" parentDisplayName="Service Request" solution="msdynce_Service (9.0.5.56)" />
        <Dependent key="49" type="60" displayName="Case" parentDisplayName="Service Request" id="{4a63c8d1-6c1e-48ec-9db4-3e6c7155334c}" />
      </MissingDependency>
      <MissingDependency>
        <Required key="77" type="2" schemaName="adx_resolution" displayName="Resolution" parentSchemaName="incident" parentDisplayName="Service Request" solution="CustomerService (9.0.12.10)" />
        <Dependent key="49" type="60" displayName="Case" parentDisplayName="Service Request" id="{4a63c8d1-6c1e-48ec-9db4-3e6c7155334c}" />
      </MissingDependency>
      <MissingDependency>
        <Required key="71" type="2" schemaName="createdon" displayName="Created On" parentSchemaName="incident" parentDisplayName="Service Request" solution="msdynce_Service (9.0.5.56)" />
        <Dependent key="49" type="60" displayName="Case" parentDisplayName="Service Request" id="{4a63c8d1-6c1e-48ec-9db4-3e6c7155334c}" />
      </MissingDependency>
      <MissingDependency>
        <Required key="78" type="2" schemaName="productid" displayName="Product" parentSchemaName="incident" parentDisplayName="Service Request" solution="msdynce_Service (9.0.5.56)" />
        <Dependent key="49" type="60" displayName="Case" parentDisplayName="Service Request" id="{4a63c8d1-6c1e-48ec-9db4-3e6c7155334c}" />
      </MissingDependency>
      <MissingDependency>
        <Required key="73" type="2" schemaName="ownerid" displayName="Owner" parentSchemaName="incident" parentDisplayName="Service Request" solution="msdynce_Service (9.0.5.56)" />
        <Dependent key="49" type="60" displayName="Case" parentDisplayName="Service Request" id="{4a63c8d1-6c1e-48ec-9db4-3e6c7155334c}" />
      </MissingDependency>
      <MissingDependency>
        <Required key="79" type="2" schemaName="adx_publishtoweb" displayName="Publish to Web" parentSchemaName="incident" parentDisplayName="Service Request" solution="CustomerService (9.0.12.10)" />
        <Dependent key="49" type="60" displayName="Case" parentDisplayName="Service Request" id="{4a63c8d1-6c1e-48ec-9db4-3e6c7155334c}" />
      </MissingDependency>
      <MissingDependency>
        <Required key="54" type="2" schemaName="incidentid" displayName="Case" parentSchemaName="incident" parentDisplayName="Service Request" solution="msdynce_Service (9.0.5.56)" />
        <Dependent key="38" type="29" displayName="Phone to Case Process" id="{0ffbcde4-61c1-4355-aa89-aa1d7b2b8792}" />
      </MissingDependency>
      <MissingDependency>
        <Required key="73" type="2" schemaName="ownerid" displayName="Owner" parentSchemaName="incident" parentDisplayName="Service Request" solution="msdynce_Service (9.0.5.56)" />
        <Dependent key="38" type="29" displayName="Phone to Case Process" id="{0ffbcde4-61c1-4355-aa89-aa1d7b2b8792}" />
      </MissingDependency>
      <MissingDependency>
        <Required key="80" type="2" schemaName="resolveby" displayName="Resolve By" parentSchemaName="incident" parentDisplayName="Service Request" solution="msdynce_Service (9.0.5.56)" />
        <Dependent key="49" type="60" displayName="Case" parentDisplayName="Service Request" id="{4a63c8d1-6c1e-48ec-9db4-3e6c7155334c}" />
      </MissingDependency>
      <MissingDependency>
        <Required key="81" type="2" schemaName="subjectid" displayName="Subject" parentSchemaName="incident" parentDisplayName="Service Request" solution="msdynce_Service (9.0.5.56)" />
        <Dependent key="49" type="60" displayName="Case" parentDisplayName="Service Request" id="{4a63c8d1-6c1e-48ec-9db4-3e6c7155334c}" />
      </MissingDependency>
      <MissingDependency>
        <Required key="75" type="2" schemaName="prioritycode" displayName="Priority" parentSchemaName="incident" parentDisplayName="Service Request" solution="msdynce_Service (9.0.5.56)" />
        <Dependent key="49" type="60" displayName="Case" parentDisplayName="Service Request" id="{4a63c8d1-6c1e-48ec-9db4-3e6c7155334c}" />
      </MissingDependency>
      <MissingDependency>
        <Required key="82" type="2" schemaName="msdyn_workorderid" displayName="WO Number" parentSchemaName="msdyn_workorder" parentDisplayName="Work Order" solution="FieldService (8.8.0.88)" />
        <Dependent key="39" type="10" schemaName="bpf_msdyn_workorder_msdyn_bpf_989e9b1857e24af18787d5143b67523b" displayName="bpf_msdyn_workorder_msdyn_bpf_989e9b1857e24af18787d5143b67523b" parentSchemaName="msdyn_workorder" parentDisplayName="Work Order" />
      </MissingDependency>
      <MissingDependency>
        <Required key="52" type="2" schemaName="title" displayName="Case Title" parentSchemaName="incident" parentDisplayName="Service Request" solution="msdynce_Service (9.0.5.56)" />
        <Dependent key="38" type="29" displayName="Phone to Case Process" id="{0ffbcde4-61c1-4355-aa89-aa1d7b2b8792}" />
      </MissingDependency>
      <MissingDependency>
        <Required key="83" type="2" schemaName="kbarticleid" displayName="Knowledge Base Article" parentSchemaName="incident" parentDisplayName="Service Request" solution="msdynce_Service (9.0.5.56)" />
        <Dependent key="49" type="60" displayName="Case" parentDisplayName="Service Request" id="{4a63c8d1-6c1e-48ec-9db4-3e6c7155334c}" />
      </MissingDependency>
      <MissingDependency>
        <Required key="54" type="2" schemaName="incidentid" displayName="Case" parentSchemaName="incident" parentDisplayName="Service Request" solution="msdynce_Service (9.0.5.56)" />
        <Dependent key="45" type="29" displayName="Generate Service Request" id="{eb3e396b-d09f-4abd-a510-f2971b37f53e}" />
      </MissingDependency>
      <MissingDependency>
        <Required key="52" type="2" schemaName="title" displayName="Case Title" parentSchemaName="incident" parentDisplayName="Service Request" solution="msdynce_Service (9.0.5.56)" />
        <Dependent key="45" type="29" displayName="Generate Service Request" id="{eb3e396b-d09f-4abd-a510-f2971b37f53e}" />
      </MissingDependency>
      <MissingDependency>
        <Required key="84" type="2" schemaName="businesscard" displayName="Business Card" parentSchemaName="contact" parentDisplayName="People" solution="msdynce_SalesPatch201904 (9.0.1912.1007)" />
        <Dependent key="85" type="60" displayName="Contact" parentDisplayName="People" id="{1fed44d1-ae68-4a41-bd2b-f13acac4acfa}" />
      </MissingDependency>
      <MissingDependency>
        <Required key="86" type="2" schemaName="businesscardattributes" displayName="BusinessCardAttributes" parentSchemaName="contact" parentDisplayName="People" solution="msdynce_SalesPatch201904 (9.0.1912.1007)" />
        <Dependent key="85" type="60" displayName="Contact" parentDisplayName="People" id="{1fed44d1-ae68-4a41-bd2b-f13acac4acfa}" />
      </MissingDependency>
      <MissingDependency>
        <Required key="60" type="2" schemaName="originatingleadid" displayName="Originating Lead" parentSchemaName="contact" parentDisplayName="People" solution="msdynce_LeadManagement (9.0.4.0066)" />
        <Dependent key="85" type="60" displayName="Contact" parentDisplayName="People" id="{1fed44d1-ae68-4a41-bd2b-f13acac4acfa}" />
      </MissingDependency>
      <MissingDependency>
        <Required key="56" type="2" schemaName="customerid" displayName="Customer" parentSchemaName="incident" parentDisplayName="Service Request" solution="msdynce_Service (9.0.5.56)" />
        <Dependent key="87" type="60" displayName="PhoneToCaseProcess" parentDisplayName="Phone To Case Process" id="{9774341b-bb15-44b8-b7fa-2ad3aadefa62}" />
      </MissingDependency>
      <MissingDependency>
        <Required key="73" type="2" schemaName="ownerid" displayName="Owner" parentSchemaName="incident" parentDisplayName="Service Request" solution="msdynce_Service (9.0.5.56)" />
        <Dependent key="87" type="60" displayName="PhoneToCaseProcess" parentDisplayName="Phone To Case Process" id="{9774341b-bb15-44b8-b7fa-2ad3aadefa62}" />
      </MissingDependency>
      <MissingDependency>
        <Required key="88" type="2" schemaName="caseorigincode" displayName="Origin" parentSchemaName="incident" parentDisplayName="Service Request" solution="msdynce_Service (9.0.5.56)" />
        <Dependent key="72" type="26" schemaName="All Cases" displayName="All Cases" parentSchemaName="incident" parentDisplayName="Service Request" id="{00000000-0000-0000-00aa-000010001030}" />
      </MissingDependency>
      <MissingDependency>
        <Required key="88" type="2" schemaName="caseorigincode" displayName="Origin" parentSchemaName="incident" parentDisplayName="Service Request" solution="msdynce_Service (9.0.5.56)" />
        <Dependent key="49" type="60" displayName="Case" parentDisplayName="Service Request" id="{4a63c8d1-6c1e-48ec-9db4-3e6c7155334c}" />
      </MissingDependency>
      <MissingDependency>
        <Required key="54" type="2" schemaName="incidentid" displayName="Case" parentSchemaName="incident" parentDisplayName="Service Request" solution="msdynce_Service (9.0.5.56)" />
        <Dependent key="55" type="10" schemaName="new_incident_new_servicerequestresolution_ServiceRequest" displayName="new_incident_new_servicerequestresolution_ServiceRequest" parentSchemaName="incident" parentDisplayName="Service Request" />
      </MissingDependency>
      <MissingDependency>
        <Required key="89" type="2" schemaName="msdyn_name" displayName="Work Order Number" parentSchemaName="msdyn_workorder" parentDisplayName="Work Order" solution="FieldService (8.8.0.88)" />
        <Dependent key="39" type="10" schemaName="bpf_msdyn_workorder_msdyn_bpf_989e9b1857e24af18787d5143b67523b" displayName="bpf_msdyn_workorder_msdyn_bpf_989e9b1857e24af18787d5143b67523b" parentSchemaName="msdyn_workorder" parentDisplayName="Work Order" />
      </MissingDependency>
      <MissingDependency>
        <Required key="90" type="2" schemaName="incidentid" displayName="Incident" parentSchemaName="phonetocaseprocess" parentDisplayName="Phone To Case Process" solution="msdynce_Service (9.0.5.56)" />
        <Dependent key="90" type="2" schemaName="incidentid" displayName="Incident" parentSchemaName="phonetocaseprocess" parentDisplayName="Phone To Case Process" />
      </MissingDependency>
      <MissingDependency>
        <Required key="91" type="2" schemaName="bpf_msdyn_workorderid" displayName="Msdyn_Workorder" parentSchemaName="msdyn_bpf_989e9b1857e24af18787d5143b67523b" parentDisplayName="Case to Work Order Business Process" solution="FieldService (8.8.0.88)" />
        <Dependent key="91" type="2" schemaName="bpf_msdyn_workorderid" displayName="Msdyn_Workorder" parentSchemaName="msdyn_bpf_989e9b1857e24af18787d5143b67523b" parentDisplayName="Case to Work Order Business Process" />
      </MissingDependency>
      <MissingDependency>
        <Required key="92" type="2" schemaName="bpf_incidentid" displayName="Incident" parentSchemaName="msdyn_bpf_989e9b1857e24af18787d5143b67523b" parentDisplayName="Case to Work Order Business Process" solution="FieldService (8.8.0.88)" />
        <Dependent key="92" type="2" schemaName="bpf_incidentid" displayName="Incident" parentSchemaName="msdyn_bpf_989e9b1857e24af18787d5143b67523b" parentDisplayName="Case to Work Order Business Process" />
      </MissingDependency>
      <MissingDependency>
        <Required key="88" type="2" schemaName="caseorigincode" displayName="Origin" parentSchemaName="incident" parentDisplayName="Service Request" solution="msdynce_Service (9.0.5.56)" />
        <Dependent key="88" type="2" schemaName="caseorigincode" displayName="Origin" parentSchemaName="incident" parentDisplayName="Service Request" />
      </MissingDependency>
      <MissingDependency>
        <Required key="40" type="10" schemaName="bpf_incident_msdyn_bpf_989e9b1857e24af18787d5143b67523b" displayName="bpf_incident_msdyn_bpf_989e9b1857e24af18787d5143b67523b" parentSchemaName="incident" parentDisplayName="Service Request" solution="FieldService (8.8.0.88)" />
        <Dependent key="40" type="10" schemaName="bpf_incident_msdyn_bpf_989e9b1857e24af18787d5143b67523b" displayName="bpf_incident_msdyn_bpf_989e9b1857e24af18787d5143b67523b" parentSchemaName="incident" parentDisplayName="Service Request" />
      </MissingDependency>
      <MissingDependency>
        <Required key="39" type="10" schemaName="bpf_msdyn_workorder_msdyn_bpf_989e9b1857e24af18787d5143b67523b" displayName="bpf_msdyn_workorder_msdyn_bpf_989e9b1857e24af18787d5143b67523b" parentSchemaName="msdyn_workorder" parentDisplayName="Work Order" solution="FieldService (8.8.0.88)" />
        <Dependent key="39" type="10" schemaName="bpf_msdyn_workorder_msdyn_bpf_989e9b1857e24af18787d5143b67523b" displayName="bpf_msdyn_workorder_msdyn_bpf_989e9b1857e24af18787d5143b67523b" parentSchemaName="msdyn_workorder" parentDisplayName="Work Order" />
      </MissingDependency>
      <MissingDependency>
        <Required key="93" type="9" schemaName="incident_caseorigincode" displayName="Case Origin" solution="msdynce_Service (9.0.5.56)" />
        <Dependent key="93" type="9" schemaName="incident_caseorigincode" displayName="Case Origin" />
      </MissingDependency>
      <MissingDependency>
        <Required key="39" type="10" schemaName="bpf_msdyn_workorder_msdyn_bpf_989e9b1857e24af18787d5143b67523b" displayName="bpf_msdyn_workorder_msdyn_bpf_989e9b1857e24af18787d5143b67523b" parentSchemaName="msdyn_workorder" parentDisplayName="Work Order" solution="FieldService (8.8.0.88)" />
        <Dependent key="18" type="2" schemaName="bpf_msdyn_workorderidname" parentSchemaName="msdyn_bpf_989e9b1857e24af18787d5143b67523b" parentDisplayName="Case to Work Order Business Process" />
      </MissingDependency>
      <MissingDependency>
        <Required key="40" type="10" schemaName="bpf_incident_msdyn_bpf_989e9b1857e24af18787d5143b67523b" displayName="bpf_incident_msdyn_bpf_989e9b1857e24af18787d5143b67523b" parentSchemaName="incident" parentDisplayName="Service Request" solution="FieldService (8.8.0.88)" />
        <Dependent key="11" type="2" schemaName="bpf_incidentidname" parentSchemaName="msdyn_bpf_989e9b1857e24af18787d5143b67523b" parentDisplayName="Case to Work Order Business Process" />
      </MissingDependency>
      <MissingDependency>
        <Required key="94" type="10" schemaName="msdyn_incident_msdyn_workorder_ServiceRequest" displayName="msdyn_incident_msdyn_workorder_ServiceRequest" parentSchemaName="incident" parentDisplayName="Service Request" solution="FieldService (8.8.0.88)" />
        <Dependent key="49" type="60" displayName="Case" parentDisplayName="Service Request" id="{4a63c8d1-6c1e-48ec-9db4-3e6c7155334c}" />
      </MissingDependency>
      <MissingDependency>
        <Required key="95" type="10" schemaName="msdyn_account_msdyn_purchaseorder_Vendor" displayName="msdyn_account_msdyn_purchaseorder_Vendor" parentSchemaName="account" parentDisplayName="Organization" solution="FieldService (8.8.0.88)" />
        <Dependent key="96" type="60" displayName="Organization" parentDisplayName="Organization" id="{8448b78f-8f42-454e-8e2a-f8196b0419af}" />
      </MissingDependency>
      <MissingDependency>
        <Required key="97" type="10" schemaName="msdyn_account_msdyn_agreement_BillingAccount" displayName="msdyn_account_msdyn_agreement_BillingAccount" parentSchemaName="account" parentDisplayName="Organization" solution="FieldService (8.8.0.88)" />
        <Dependent key="96" type="60" displayName="Organization" parentDisplayName="Organization" id="{8448b78f-8f42-454e-8e2a-f8196b0419af}" />
      </MissingDependency>
      <MissingDependency>
        <Required key="98" type="10" schemaName="msdyn_account_msdyn_customerasset_Account" displayName="msdyn_account_msdyn_customerasset_Account" parentSchemaName="account" parentDisplayName="Organization" solution="FieldService (8.8.0.88)" />
        <Dependent key="96" type="60" displayName="Organization" parentDisplayName="Organization" id="{8448b78f-8f42-454e-8e2a-f8196b0419af}" />
      </MissingDependency>
      <MissingDependency>
        <Required key="99" type="10" schemaName="msdyn_account_msdyn_project_Customer" displayName="msdyn_account_msdyn_project_Customer" parentSchemaName="account" parentDisplayName="Organization" solution="ProjectService (3.10.0.31)" />
        <Dependent key="96" type="60" displayName="Organization" parentDisplayName="Organization" id="{8448b78f-8f42-454e-8e2a-f8196b0419af}" />
      </MissingDependency>
      <MissingDependency>
        <Required key="100" type="10" schemaName="msdyn_account_msdyn_accountpricelist_Account" displayName="msdyn_account_msdyn_accountpricelist_Account" parentSchemaName="account" parentDisplayName="Organization" solution="ProjectService (3.10.0.31)" />
        <Dependent key="96" type="60" displayName="Organization" parentDisplayName="Organization" id="{8448b78f-8f42-454e-8e2a-f8196b0419af}" />
      </MissingDependency>
      <MissingDependency>
        <Required key="101" type="10" schemaName="msdyn_account_msdyn_agreement_ServiceAccount" displayName="msdyn_account_msdyn_agreement_ServiceAccount" parentSchemaName="account" parentDisplayName="Organization" solution="FieldService (8.8.0.88)" />
        <Dependent key="96" type="60" displayName="Organization" parentDisplayName="Organization" id="{8448b78f-8f42-454e-8e2a-f8196b0419af}" />
      </MissingDependency>
      <MissingDependency>
        <Required key="102" type="10" schemaName="msdyn_account_msdyn_workorder_BillingAccount" displayName="msdyn_account_msdyn_workorder_BillingAccount" parentSchemaName="account" parentDisplayName="Organization" solution="FieldService (8.8.0.88)" />
        <Dependent key="96" type="60" displayName="Organization" parentDisplayName="Organization" id="{8448b78f-8f42-454e-8e2a-f8196b0419af}" />
      </MissingDependency>
      <MissingDependency>
        <Required key="103" type="10" schemaName="msdyn_account_account_BillingAccount" displayName="msdyn_account_account_BillingAccount" parentSchemaName="account" parentDisplayName="Organization" solution="FieldService (8.8.0.88)" />
        <Dependent key="96" type="60" displayName="Organization" parentDisplayName="Organization" id="{8448b78f-8f42-454e-8e2a-f8196b0419af}" />
      </MissingDependency>
      <MissingDependency>
        <Required key="104" type="10" schemaName="msdyn_account_msdyn_rma_BillingAccount" displayName="msdyn_account_msdyn_rma_BillingAccount" parentSchemaName="account" parentDisplayName="Organization" solution="FieldService (8.8.0.88)" />
        <Dependent key="96" type="60" displayName="Organization" parentDisplayName="Organization" id="{8448b78f-8f42-454e-8e2a-f8196b0419af}" />
      </MissingDependency>
      <MissingDependency>
        <Required key="105" type="10" schemaName="msdyn_account_msdyn_payment_Account" displayName="msdyn_account_msdyn_payment_Account" parentSchemaName="account" parentDisplayName="Organization" solution="FieldService (8.8.0.88)" />
        <Dependent key="96" type="60" displayName="Organization" parentDisplayName="Organization" id="{8448b78f-8f42-454e-8e2a-f8196b0419af}" />
      </MissingDependency>
      <MissingDependency>
        <Required key="106" type="10" schemaName="msdyn_account_msdyn_workorder_ServiceAccount" displayName="msdyn_account_msdyn_workorder_ServiceAccount" parentSchemaName="account" parentDisplayName="Organization" solution="FieldService (8.8.0.88)" />
        <Dependent key="96" type="60" displayName="Organization" parentDisplayName="Organization" id="{8448b78f-8f42-454e-8e2a-f8196b0419af}" />
      </MissingDependency>
      <MissingDependency>
        <Required key="107" type="10" schemaName="msdyn_account_msdyn_rtv_Vendor" displayName="msdyn_account_msdyn_rtv_Vendor" parentSchemaName="account" parentDisplayName="Organization" solution="FieldService (8.8.0.88)" />
        <Dependent key="96" type="60" displayName="Organization" parentDisplayName="Organization" id="{8448b78f-8f42-454e-8e2a-f8196b0419af}" />
      </MissingDependency>
      <MissingDependency>
        <Required key="108" type="10" schemaName="msdyn_account_msdyn_rma_ServiceAccount" displayName="msdyn_account_msdyn_rma_ServiceAccount" parentSchemaName="account" parentDisplayName="Organization" solution="FieldService (8.8.0.88)" />
        <Dependent key="96" type="60" displayName="Organization" parentDisplayName="Organization" id="{8448b78f-8f42-454e-8e2a-f8196b0419af}" />
      </MissingDependency>
      <MissingDependency>
        <Required key="109" type="26" schemaName="Associated Cases" displayName="Associated Cases" parentSchemaName="incident" parentDisplayName="Service Request" solution="msdynce_Service (9.0.5.56)" id="{72210bbb-d9d5-42df-8efd-39395a3cd7a7}" />
        <Dependent key="49" type="60" displayName="Case" parentDisplayName="Service Request" id="{4a63c8d1-6c1e-48ec-9db4-3e6c7155334c}" />
      </MissingDependency>
      <MissingDependency>
        <Required key="110" type="26" schemaName="Product Lookup View" displayName="Product Lookup View" parentSchemaName="product" parentDisplayName="Product" solution="msdynce_ProductManagement (9.0.4.0066)" id="{8ba625b2-6a2a-4735-bab2-0c74ae8442a4}" />
        <Dependent key="49" type="60" displayName="Case" parentDisplayName="Service Request" id="{4a63c8d1-6c1e-48ec-9db4-3e6c7155334c}" />
      </MissingDependency>
      <MissingDependency>
        <Required key="111" type="26" schemaName="Active Services" displayName="Active Services" parentSchemaName="service" parentDisplayName="Service" solution="msdynce_Service (9.0.5.56)" id="{2bd4de5e-a7b4-4f5d-8fde-eb3b62d8e2b2}" />
        <Dependent key="51" type="60" displayName="Information" parentDisplayName="People" id="{894cc46a-b0cb-4ab0-8bf6-200544e46a2d}" />
      </MissingDependency>
      <MissingDependency>
        <Required key="112" type="26" schemaName="Contract Line With Allotments" displayName="Contract Line With Allotments" parentSchemaName="contractdetail" parentDisplayName="Contract Line" solution="msdynce_Service (9.0.5.56)" id="{8fa2705c-7e4c-4c0e-b611-4593b35a4c9e}" />
        <Dependent key="49" type="60" displayName="Case" parentDisplayName="Service Request" id="{4a63c8d1-6c1e-48ec-9db4-3e6c7155334c}" />
      </MissingDependency>
      <MissingDependency>
        <Required key="113" type="26" schemaName="Active Contracts" displayName="Active Contracts" parentSchemaName="contract" parentDisplayName="Contract" solution="msdynce_Service (9.0.5.56)" id="{646de3ee-ebfb-4d19-8a44-4a619505e188}" />
        <Dependent key="49" type="60" displayName="Case" parentDisplayName="Service Request" id="{4a63c8d1-6c1e-48ec-9db4-3e6c7155334c}" />
      </MissingDependency>
      <MissingDependency>
        <Required key="114" type="26" schemaName="Recent Cases" displayName="Recent Cases" parentSchemaName="incident" parentDisplayName="Service Request" solution="msdynce_Service (9.0.5.56)" id="{ebd1d24a-eea7-e211-9fb6-00155dd0ea05}" />
        <Dependent key="85" type="60" displayName="Contact" parentDisplayName="People" id="{1fed44d1-ae68-4a41-bd2b-f13acac4acfa}" />
      </MissingDependency>
      <MissingDependency>
        <Required key="115" type="26" schemaName="My Active Cases" displayName="My Active Cases" parentSchemaName="incident" parentDisplayName="Service Request" solution="msdynce_Service (9.0.5.56)" id="{00000000-0000-0000-00aa-000010001028}" />
        <Dependent key="85" type="60" displayName="Contact" parentDisplayName="People" id="{1fed44d1-ae68-4a41-bd2b-f13acac4acfa}" />
      </MissingDependency>
      <MissingDependency>
        <Required key="116" type="26" schemaName="All Cases for Customer" displayName="All Cases for Customer" parentSchemaName="incident" parentDisplayName="Service Request" solution="msdynce_Service (9.0.5.56)" id="{00000000-0000-0000-00aa-000010001039}" />
        <Dependent key="117" type="60" displayName="contact card" parentDisplayName="People" id="{707fc57b-c5e6-471b-a180-e37ed28a38e2}" />
      </MissingDependency>
      <MissingDependency>
        <Required key="72" type="26" schemaName="All Cases" displayName="All Cases" parentSchemaName="incident" parentDisplayName="Service Request" solution="msdynce_Service (9.0.5.56)" id="{00000000-0000-0000-00aa-000010001030}" />
        <Dependent key="72" type="26" schemaName="All Cases" displayName="All Cases" parentSchemaName="incident" parentDisplayName="Service Request" id="{00000000-0000-0000-00aa-000010001030}" />
      </MissingDependency>
      <MissingDependency>
        <Required key="118" type="26" schemaName="All Accounts" displayName="All Accounts" parentSchemaName="account" parentDisplayName="Organization" solution="msdynce_AppCommon (9.0.4.0066)" id="{65ffaf9a-e8c5-432d-860b-32f841b00d87}" />
        <Dependent key="118" type="26" schemaName="All Accounts" displayName="All Accounts" parentSchemaName="account" parentDisplayName="Organization" id="{65ffaf9a-e8c5-432d-860b-32f841b00d87}" />
      </MissingDependency>
      <MissingDependency>
        <Required key="119" type="26" schemaName="All Contacts" displayName="All Contacts" parentSchemaName="contact" parentDisplayName="People" solution="msdynce_AppCommon (9.0.4.0066)" id="{0d5d377b-5e7c-47b5-bab1-a5cb8b4ac105}" />
        <Dependent key="119" type="26" schemaName="All Contacts" displayName="All Contacts" parentSchemaName="contact" parentDisplayName="People" id="{0d5d377b-5e7c-47b5-bab1-a5cb8b4ac105}" />
      </MissingDependency>
      <MissingDependency>
        <Required key="38" type="29" displayName="Phone to Case Process" solution="msdynce_Service (9.0.5.56)" id="{0ffbcde4-61c1-4355-aa89-aa1d7b2b8792}" />
        <Dependent key="38" type="29" displayName="Phone to Case Process" id="{0ffbcde4-61c1-4355-aa89-aa1d7b2b8792}" />
      </MissingDependency>
      <MissingDependency>
        <Required key="120" type="59" schemaName="Case Mix (By Business Unit)" displayName="Case Mix (By Business Unit)" parentSchemaName="incident" parentDisplayName="Service Request" solution="msdynce_Service (9.0.5.56)" id="{f10375a6-4893-de11-97d4-00155da3b01e}" />
        <Dependent key="85" type="60" displayName="Contact" parentDisplayName="People" id="{1fed44d1-ae68-4a41-bd2b-f13acac4acfa}" />
      </MissingDependency>
      <MissingDependency>
        <Required key="121" type="60" displayName="account card" parentDisplayName="Organization" solution="msdynce_AppCommon (9.0.4.0066)" id="{b028db32-3619-48a5-ac51-cf3f947b0ef3}" />
        <Dependent key="121" type="60" displayName="account card" parentDisplayName="Organization" id="{b028db32-3619-48a5-ac51-cf3f947b0ef3}" />
      </MissingDependency>
      <MissingDependency>
        <Required key="51" type="60" displayName="Information" parentDisplayName="People" solution="msdynce_AppCommon (9.0.4.0066)" id="{894cc46a-b0cb-4ab0-8bf6-200544e46a2d}" />
        <Dependent key="51" type="60" displayName="Information" parentDisplayName="People" id="{894cc46a-b0cb-4ab0-8bf6-200544e46a2d}" />
      </MissingDependency>
      <MissingDependency>
        <Required key="49" type="60" displayName="Case" parentDisplayName="Service Request" solution="msdynce_Service (9.0.5.56)" id="{4a63c8d1-6c1e-48ec-9db4-3e6c7155334c}" />
        <Dependent key="49" type="60" displayName="Case" parentDisplayName="Service Request" id="{4a63c8d1-6c1e-48ec-9db4-3e6c7155334c}" />
      </MissingDependency>
      <MissingDependency>
        <Required key="122" type="60" displayName="Contact Quick Create" parentDisplayName="People" solution="msdynce_AppCommon (9.0.4.0066)" id="{661157fe-2fc9-4eaa-835f-5bfa2f7b64f7}" />
        <Dependent key="122" type="60" displayName="Contact Quick Create" parentDisplayName="People" id="{661157fe-2fc9-4eaa-835f-5bfa2f7b64f7}" />
      </MissingDependency>
      <MissingDependency>
        <Required key="123" type="60" displayName="Case Quick Create" parentDisplayName="Service Request" solution="msdynce_Service (9.0.5.56)" id="{8e10b902-0b3e-441c-8b12-88e6c1793848}" />
        <Dependent key="123" type="60" displayName="Case Quick Create" parentDisplayName="Service Request" id="{8e10b902-0b3e-441c-8b12-88e6c1793848}" />
      </MissingDependency>
      <MissingDependency>
        <Required key="117" type="60" displayName="contact card" parentDisplayName="People" solution="msdynce_AppCommon (9.0.4.0066)" id="{707fc57b-c5e6-471b-a180-e37ed28a38e2}" />
        <Dependent key="117" type="60" displayName="contact card" parentDisplayName="People" id="{707fc57b-c5e6-471b-a180-e37ed28a38e2}" />
      </MissingDependency>
      <MissingDependency>
        <Required key="85" type="60" displayName="Contact" parentDisplayName="People" solution="msdynce_AppCommon (9.0.4.0066)" id="{1fed44d1-ae68-4a41-bd2b-f13acac4acfa}" />
        <Dependent key="85" type="60" displayName="Contact" parentDisplayName="People" id="{1fed44d1-ae68-4a41-bd2b-f13acac4acfa}" />
      </MissingDependency>
      <MissingDependency>
        <Required key="124" type="60" displayName="Account Quick Create" parentDisplayName="Organization" solution="msdynce_AppCommon (9.0.4.0066)" id="{c9e7ec2d-efca-4e4c-b3e3-f63c4bba5e4b}" />
        <Dependent key="124" type="60" displayName="Account Quick Create" parentDisplayName="Organization" id="{c9e7ec2d-efca-4e4c-b3e3-f63c4bba5e4b}" />
      </MissingDependency>
      <MissingDependency>
        <Required key="96" type="60" displayName="Organization" parentDisplayName="Organization" solution="msdynce_AppCommon (9.0.4.0066)" id="{8448b78f-8f42-454e-8e2a-f8196b0419af}" />
        <Dependent key="96" type="60" displayName="Organization" parentDisplayName="Organization" id="{8448b78f-8f42-454e-8e2a-f8196b0419af}" />
      </MissingDependency>
      <MissingDependency>
        <Required key="87" type="60" displayName="PhoneToCaseProcess" parentDisplayName="Phone To Case Process" solution="msdynce_Service (9.0.5.56)" id="{9774341b-bb15-44b8-b7fa-2ad3aadefa62}" />
        <Dependent key="87" type="60" displayName="PhoneToCaseProcess" parentDisplayName="Phone To Case Process" id="{9774341b-bb15-44b8-b7fa-2ad3aadefa62}" />
      </MissingDependency>
      <MissingDependency>
        <Required key="125" type="60" displayName="account contact card" parentDisplayName="People" solution="msdynce_AppCommon (9.0.4.0066)" id="{29de27bc-a257-4f29-99cf-bab4a84e688f}" />
        <Dependent key="96" type="60" displayName="Organization" parentDisplayName="Organization" id="{8448b78f-8f42-454e-8e2a-f8196b0419af}" />
      </MissingDependency>
      <MissingDependency>
        <Required key="125" type="60" displayName="account contact card" parentDisplayName="People" solution="msdynce_AppCommon (9.0.4.0066)" id="{29de27bc-a257-4f29-99cf-bab4a84e688f}" />
        <Dependent key="85" type="60" displayName="Contact" parentDisplayName="People" id="{1fed44d1-ae68-4a41-bd2b-f13acac4acfa}" />
      </MissingDependency>
      <MissingDependency>
        <Required key="126" type="66" schemaName="Intelligence.BusinessCardReaderControl.BusinessCardReader" displayName="Intelligence.BusinessCardReaderControl.BusinessCardReader" solution="BaseCustomControlsCore (9.0.2003.4014)" />
        <Dependent key="85" type="60" displayName="Contact" parentDisplayName="People" id="{1fed44d1-ae68-4a41-bd2b-f13acac4acfa}" />
      </MissingDependency>
      <MissingDependency>
        <Required key="127" type="66" schemaName="MscrmControls.CardFeedContainer.CardFeedContainer" displayName="MscrmControls.CardFeedContainer.CardFeedContainer" solution="BaseCustomControlsCore (9.0.2003.4014)" />
        <Dependent key="96" type="60" displayName="Organization" parentDisplayName="Organization" id="{8448b78f-8f42-454e-8e2a-f8196b0419af}" />
      </MissingDependency>
      <MissingDependency>
        <Required key="128" type="66" schemaName="MscrmControls.TalkingPointsControl.TalkingPoints" displayName="MscrmControls.TalkingPointsControl.TalkingPoints" solution="msdynce_Talkingpoints (9.0.1.70947)" />
        <Dependent key="85" type="60" displayName="Contact" parentDisplayName="People" id="{1fed44d1-ae68-4a41-bd2b-f13acac4acfa}" />
      </MissingDependency>
      <MissingDependency>
        <Required key="127" type="66" schemaName="MscrmControls.CardFeedContainer.CardFeedContainer" displayName="MscrmControls.CardFeedContainer.CardFeedContainer" solution="BaseCustomControlsCore (9.0.2003.4014)" />
        <Dependent key="85" type="60" displayName="Contact" parentDisplayName="People" id="{1fed44d1-ae68-4a41-bd2b-f13acac4acfa}" />
      </MissingDependency>
      <MissingDependency>
        <Required key="129" type="61" schemaName="msdyn_/Case/Case.Library.js" displayName="msdyn_/Case/Case.Library.js" solution="FieldService (8.8.0.88)" />
        <Dependent key="49" type="60" displayName="Case" parentDisplayName="Service Request" id="{4a63c8d1-6c1e-48ec-9db4-3e6c7155334c}" />
      </MissingDependency>
      <MissingDependency>
        <Required key="130" type="61" schemaName="msdyn_/CFS/Case/CaseForm.js" displayName="msdyn_/CFS/Case/CaseForm.js" solution="ConnectedFieldService (1.7.7.107)" />
        <Dependent key="49" type="60" displayName="Case" parentDisplayName="Service Request" id="{4a63c8d1-6c1e-48ec-9db4-3e6c7155334c}" />
      </MissingDependency>
      <MissingDependency>
        <Required key="131" type="61" schemaName="msdyn_/RecordWall.htm" displayName="msdyn_/RecordWall.htm" solution="ActivityFeedsCore (9.0.0.0)" />
        <Dependent key="51" type="60" displayName="Information" parentDisplayName="People" id="{894cc46a-b0cb-4ab0-8bf6-200544e46a2d}" />
      </MissingDependency>
      <MissingDependency>
        <Required key="132" type="61" schemaName="msdyn_/ActivityFeeds.Form.js" displayName="msdyn_/ActivityFeeds.Form.js" solution="ActivityFeedsCore (9.0.0.0)" />
        <Dependent key="51" type="60" displayName="Information" parentDisplayName="People" id="{894cc46a-b0cb-4ab0-8bf6-200544e46a2d}" />
      </MissingDependency>
      <MissingDependency>
        <Required key="133" type="61" schemaName="msdyn_/Account/Account.Library.js" displayName="msdyn_/Account/Account.Library.js" solution="FieldService (8.8.0.88)" />
        <Dependent key="96" type="60" displayName="Organization" parentDisplayName="Organization" id="{8448b78f-8f42-454e-8e2a-f8196b0419af}" />
      </MissingDependency>
      <MissingDependency>
        <Required key="134" type="61" schemaName="msdyn_/Utils/FieldServiceTrial.js" displayName="msdyn_/Utils/FieldServiceTrial.js" solution="FieldService (8.8.0.88)" />
        <Dependent key="96" type="60" displayName="Organization" parentDisplayName="Organization" id="{8448b78f-8f42-454e-8e2a-f8196b0419af}" />
      </MissingDependency>
      <MissingDependency>
        <Required key="135" type="61" schemaName="msdyn_/Libraries/require/require.js" displayName="msdyn_/Libraries/require/require.js" solution="ProjectService (3.10.0.31)" />
        <Dependent key="96" type="60" displayName="Organization" parentDisplayName="Organization" id="{8448b78f-8f42-454e-8e2a-f8196b0419af}" />
      </MissingDependency>
      <MissingDependency>
        <Required key="136" type="61" schemaName="msdyn_talkingpointsloader.js" displayName="msdyn_talkingpointsloader.js" solution="msdynce_Talkingpoints (9.0.1.70947)" />
        <Dependent key="85" type="60" displayName="Contact" parentDisplayName="People" id="{1fed44d1-ae68-4a41-bd2b-f13acac4acfa}" />
      </MissingDependency>
      <MissingDependency>
        <Required key="137" type="61" schemaName="msdyn_/Contact/Contact.Library.js" displayName="msdyn_/Contact/Contact.Library.js" solution="FieldService (8.8.0.88)" />
        <Dependent key="85" type="60" displayName="Contact" parentDisplayName="People" id="{1fed44d1-ae68-4a41-bd2b-f13acac4acfa}" />
      </MissingDependency>
      <MissingDependency>
        <Required key="138" type="61" schemaName="AppCommon/Contact/Contact_main_system_library.js" displayName="AppCommon/Contact/Contact_main_system_library.js" solution="msdynce_AppCommon (9.0.4.0066)" />
        <Dependent key="85" type="60" displayName="Contact" parentDisplayName="People" id="{1fed44d1-ae68-4a41-bd2b-f13acac4acfa}" />
      </MissingDependency>
      <MissingDependency>
        <Required key="139" type="61" schemaName="Sales/ClientCommon/Sales_ClientCommon.js" displayName="Sales/ClientCommon/Sales_ClientCommon.js" solution="msdynce_Sales (9.0.4.0076)" />
        <Dependent key="85" type="60" displayName="Contact" parentDisplayName="People" id="{1fed44d1-ae68-4a41-bd2b-f13acac4acfa}" />
      </MissingDependency>
    </MissingDependencies>
  </SolutionManifest>
</ImportExportXml>