{"properties":{"connectionReferences":{"shared_commondataservice":{"runtimeSource":"embedded","connection":{},"api":{"name":"shared_commondataservice"}}},"definition":{"$schema":"https://schema.management.azure.com/providers/Microsoft.Logic/schemas/2016-06-01/workflowdefinition.json#","contentVersion":"1.0.0.0","parameters":{"$connections":{"defaultValue":{},"type":"Object"},"$authentication":{"defaultValue":{},"type":"SecureObject"}},"triggers":{"manual":{"type":"Request","kind":"VirtualAgent","inputs":{"schema":{"type":"object","properties":{"text":{"title":"FirstName","type":"string","x-ms-dynamically-added":true,"description":"Please enter your input","x-ms-content-hint":"TEXT"},"text_1":{"title":"LastName","type":"string","x-ms-dynamically-added":true,"description":"Please enter your input","x-ms-content-hint":"TEXT"},"text_2":{"title":"MobileNo","type":"string","x-ms-dynamically-added":true,"description":"Please enter your input","x-ms-content-hint":"TEXT"},"text_3":{"title":"State","type":"string","x-ms-dynamically-added":true,"description":"Please enter your input","x-ms-content-hint":"TEXT"},"text_4":{"title":"City","type":"string","x-ms-dynamically-added":true,"description":"Please enter your input","x-ms-content-hint":"TEXT"},"text_5":{"title":"StreetAddres","type":"string","x-ms-dynamically-added":true,"description":"Please enter your input","x-ms-content-hint":"TEXT"}},"required":["text","text_1","text_2","text_3","text_4","text_5"]}}}},"actions":{"Initialize_variable":{"runAfter":{},"type":"InitializeVariable","inputs":{"variables":[{"name":"FirstContactId","type":"string"}]}},"List_records":{"runAfter":{"Initialize_variable":["Succeeded"]},"type":"OpenApiConnection","inputs":{"host":{"connectionName":"shared_commondataservice","operationId":"GetItems_V2","apiId":"/providers/Microsoft.PowerApps/apis/shared_commondataservice"},"parameters":{"dataset":"orgb70aa049.crm","table":"contacts","$filter":"mobilephone eq '@{triggerBody()['text_2']}'","$top":1},"authentication":"@parameters('$authentication')"}},"Condition":{"actions":{"Apply_to_each":{"foreach":"@outputs('List_records')?['body/value']","actions":{"Set_variable":{"runAfter":{},"type":"SetVariable","inputs":{"name":"FirstContactId","value":"@items('Apply_to_each')?['contactid']"}}},"runAfter":{},"type":"Foreach"}},"runAfter":{"List_records":["Succeeded"]},"else":{"actions":{"Create_a_new_record":{"runAfter":{},"type":"OpenApiConnection","inputs":{"host":{"connectionName":"shared_commondataservice","operationId":"PostItem_V2","apiId":"/providers/Microsoft.PowerApps/apis/shared_commondataservice"},"parameters":{"dataset":"orgb70aa049.crm","table":"contacts","item/lastname":"@triggerBody()['text_1']","item/address1_city":"@triggerBody()['text_4']","item/address1_line1":"@triggerBody()['text_5']","item/firstname":"@triggerBody()['text']","item/mobilephone":"@triggerBody()['text_2']","item/_parentcustomerid_type":"","item/address1_stateorprovince":"@triggerBody()['text_3']","item/isbackofficecustomer":false,"item/adx_confirmremovepassword":false,"item/creditonhold":false,"item/msdyn_disablewebtracking":false,"item/donotbulkemail":false,"item/donotbulkpostalmail":false,"item/donotemail":false,"item/donotfax":false,"item/donotpostalmail":false,"item/donotphone":false,"item/adx_identity_emailaddress1confirmed":false,"item/followemail":true,"item/msdyn_gdproptout":false,"item/msdyn_isminor":false,"item/msdyn_isminorwithparentalconsent":false,"item/adx_identity_locallogindisabled":false,"item/adx_identity_lockoutenabled":false,"item/adx_identity_logonenabled":false,"item/marketingonly":false,"item/adx_identity_mobilephoneconfirmed":false,"item/participatesinworkflow":false,"item/adx_profilealert":false,"item/adx_profileisanonymous":false,"item/donotsendmm":false,"item/adx_identity_twofactorenabled":false,"item/_ownerid_type":""},"authentication":"@parameters('$authentication')"}}}},"expression":{"greater":["@length(outputs('List_records')?['body/value'])",0]},"type":"If"},"Return_value(s)_to_Power_Virtual_Agents_3":{"runAfter":{"Condition":["Succeeded"]},"type":"Response","kind":"VirtualAgent","inputs":{"statusCode":200,"body":{"contactid":"@{variables('FirstContactId')}@{outputs('Create_a_new_record')?['body/contactid']}"},"schema":{"type":"object","properties":{"contactid":{"title":"ContactId","x-ms-dynamically-added":true,"type":"string"}}}}}},"outputs":{}}},"schemaVersion":"1.0.0.0"}