{"properties":{"connectionReferences":{"shared_commondataservice":{"runtimeSource":"embedded","connection":{},"api":{"name":"shared_commondataservice"}}},"definition":{"$schema":"https://schema.management.azure.com/providers/Microsoft.Logic/schemas/2016-06-01/workflowdefinition.json#","contentVersion":"1.0.0.0","parameters":{"$connections":{"defaultValue":{},"type":"Object"},"$authentication":{"defaultValue":{},"type":"SecureObject"}},"triggers":{"manual":{"type":"Request","kind":"VirtualAgent","inputs":{"schema":{"type":"object","properties":{"text":{"title":"ContactId","type":"string","x-ms-dynamically-added":true,"description":"Please enter your input","x-ms-content-hint":"TEXT"},"text_1":{"title":"Category","type":"string","x-ms-dynamically-added":true,"description":"Please enter your input","x-ms-content-hint":"TEXT"},"text_2":{"title":"SubCategory","type":"string","x-ms-dynamically-added":true,"description":"Please enter your input","x-ms-content-hint":"TEXT"},"text_3":{"title":"RequestForSelf","type":"string","x-ms-dynamically-added":true,"description":"Please enter your input","x-ms-content-hint":"TEXT"}},"required":["text","text_1","text_2","text_3"]}}}},"actions":{"Initialize_variable":{"runAfter":{"Response":["Succeeded"]},"type":"InitializeVariable","inputs":{"variables":[{"name":"CategoryID","type":"string"}]}},"Initialize_variable_2":{"runAfter":{"Initialize_variable":["Succeeded"]},"type":"InitializeVariable","inputs":{"variables":[{"name":"SubCategoryID","type":"string"}]}},"SubCategory_is_not_null":{"actions":{"Get_Category_record":{"runAfter":{},"type":"OpenApiConnection","inputs":{"host":{"connectionName":"shared_commondataservice","operationId":"GetItems_V2","apiId":"/providers/Microsoft.PowerApps/apis/shared_commondataservice"},"parameters":{"dataset":"orgb70aa049.crm","table":"new_categories","$filter":"new_name eq '@{triggerBody()['text_1']}'","$top":1},"authentication":"@parameters('$authentication')"}},"Category_Found_or_Not":{"actions":{"Apply_to_each":{"foreach":"@outputs('Get_Category_record')?['body/value']","actions":{"Set_variable":{"runAfter":{},"type":"SetVariable","inputs":{"name":"CategoryID","value":"@items('Apply_to_each')?['new_categoryid']"}}},"runAfter":{},"type":"Foreach"},"Create_a_Case_record_with_Category":{"runAfter":{"Apply_to_each":["Succeeded"]},"type":"OpenApiConnection","inputs":{"host":{"connectionName":"shared_commondataservice","operationId":"PostItem_V2","apiId":"/providers/Microsoft.PowerApps/apis/shared_commondataservice"},"parameters":{"dataset":"orgb70aa049.crm","table":"incidents","item/title":"@{variables('DateofToday')}_@{triggerBody()['text_1']}","item/caseorigincode":100000001,"item/_customerid_value":"@triggerBody()['text']","item/_customerid_type":"contacts","item/_ownerid_type":"","item/activitiescomplete":false,"item/blockedprofile":false,"item/checkemail":false,"item/customercontacted":false,"item/decremententitlementterm":true,"item/isdecrementing":false,"item/firstresponsesent":false,"item/followuptaskcreated":false,"item/new_forwhom":"@variables('ForWhom Val')","item/isescalated":false,"item/adx_publishtoweb":false,"item/routecase":true,"item/_new_categoryid_value":"@variables('CategoryID')"},"authentication":"@parameters('$authentication')"}},"Set_variable_2":{"runAfter":{"Create_a_Case_record_with_Category":["Succeeded"]},"type":"SetVariable","inputs":{"name":"Response to Agent","value":0}}},"runAfter":{"Get_Category_record":["Succeeded"]},"else":{"actions":{"Set_Response_Variable2":{"runAfter":{},"type":"SetVariable","inputs":{"name":"Response to Agent","value":1}}}},"expression":{"equals":["@length(outputs('Get_Category_record')?['body/value'])",1]},"type":"If"}},"runAfter":{"For_Whom_Optionset_Value_Check":["Succeeded"]},"else":{"actions":{"Get_SubCategories_Records":{"runAfter":{},"type":"OpenApiConnection","inputs":{"host":{"connectionName":"shared_commondataservice","operationId":"GetItems_V2","apiId":"/providers/Microsoft.PowerApps/apis/shared_commondataservice"},"parameters":{"dataset":"orgb70aa049.crm","table":"new_subcategories","$filter":"new_name eq '@{triggerBody()['text_2']}'","$top":1},"authentication":"@parameters('$authentication')"}},"SubCategory_Records_Found_Or_Not":{"actions":{"Apply_to_each_2":{"foreach":"@outputs('Get_SubCategories_Records')?['body/value']","actions":{"SubCategory's_Category":{"runAfter":{},"type":"SetVariable","inputs":{"name":"CategoryID","value":"@items('Apply_to_each_2')?['_new_category_value']"}},"SubCategory":{"runAfter":{"SubCategory's_Category":["Succeeded"]},"type":"SetVariable","inputs":{"name":"SubCategoryID","value":"@items('Apply_to_each_2')?['new_subcategoryid']"}}},"runAfter":{},"type":"Foreach"},"Create_a_number_record_with_SubCategory":{"runAfter":{"Apply_to_each_2":["Succeeded"]},"type":"OpenApiConnection","inputs":{"host":{"connectionName":"shared_commondataservice","operationId":"PostItem_V2","apiId":"/providers/Microsoft.PowerApps/apis/shared_commondataservice"},"parameters":{"dataset":"orgb70aa049.crm","table":"incidents","item/title":"@{variables('DateofToday')}_@{triggerBody()['text_1']}","item/caseorigincode":100000001,"item/_customerid_value":"@triggerBody()['text']","item/_customerid_type":"contacts","item/_ownerid_type":"","item/activitiescomplete":false,"item/blockedprofile":false,"item/checkemail":false,"item/customercontacted":false,"item/decremententitlementterm":true,"item/isdecrementing":false,"item/firstresponsesent":false,"item/followuptaskcreated":false,"item/new_forwhom":"@variables('ForWhom Val')","item/isescalated":false,"item/adx_publishtoweb":false,"item/routecase":true,"item/_new_categoryid_value":"@variables('CategoryID')","item/_new_subcategoryid_value":"@variables('SubCategoryID')"},"authentication":"@parameters('$authentication')"}},"Set_Response_variable_3":{"runAfter":{"Create_a_number_record_with_SubCategory":["Succeeded"]},"type":"SetVariable","inputs":{"name":"Response to Agent","value":0}}},"runAfter":{"Get_SubCategories_Records":["Succeeded"]},"else":{"actions":{"Set_Response_variable_4":{"runAfter":{},"type":"SetVariable","inputs":{"name":"Response to Agent","value":1}}}},"expression":{"equals":["@length(outputs('Get_SubCategories_Records')?['body/value'])",1]},"type":"If"}}},"expression":{"equals":["@triggerBody()['text_2']","@triggerBody()['text_1']"]},"type":"If"},"TodayDate":{"runAfter":{"Initialize_variable_2":["Succeeded"]},"type":"InitializeVariable","inputs":{"variables":[{"name":"DateofToday","type":"string","value":"@{formatDateTime(utcNow(),'MM/dd/yyyy')}"}]}},"Response":{"runAfter":{},"type":"InitializeVariable","inputs":{"variables":[{"name":"Response to Agent","type":"integer","value":0}]}},"Return_value(s)_to_Power_Virtual_Agents":{"runAfter":{"SubCategory_is_not_null":["Succeeded"]},"type":"Response","kind":"VirtualAgent","inputs":{"statusCode":200,"body":{"statuscode":"@{variables('Response to Agent')}"},"schema":{"type":"object","properties":{"statuscode":{"title":"StatusCode","x-ms-dynamically-added":true,"type":"number"}}}}},"For_Whom_Optionset_Value_Check":{"actions":{"Set_variable_3":{"runAfter":{},"type":"SetVariable","inputs":{"name":"ForWhom Val","value":1}}},"runAfter":{"ForWhom_Optionset_Value":["Succeeded"]},"else":{"actions":{"Set_variable_4":{"runAfter":{},"type":"SetVariable","inputs":{"name":"ForWhom Val","value":2}}}},"expression":{"equals":["@triggerBody()['text_3']","For self"]},"type":"If"},"ForWhom_Optionset_Value":{"runAfter":{"TodayDate":["Succeeded"]},"type":"InitializeVariable","inputs":{"variables":[{"name":"ForWhom Val","type":"integer"}]}}},"outputs":{}}},"schemaVersion":"1.0.0.0"}