{"properties":{"connectionReferences":{"shared_commondataservice":{"runtimeSource":"embedded","connection":{},"api":{"name":"shared_commondataservice"}},"shared_bingmaps":{"runtimeSource":"embedded","connection":{},"api":{"name":"shared_bingmaps"}}},"definition":{"$schema":"https://schema.management.azure.com/providers/Microsoft.Logic/schemas/2016-06-01/workflowdefinition.json#","contentVersion":"1.0.0.0","parameters":{"$connections":{"defaultValue":{},"type":"Object"},"$authentication":{"defaultValue":{},"type":"SecureObject"}},"triggers":{"When_a_record_is_created":{"type":"OpenApiConnectionWebhook","inputs":{"host":{"connectionName":"shared_commondataservice","operationId":"SubscribeOnNewItems","apiId":"/providers/Microsoft.PowerApps/apis/shared_commondataservice"},"parameters":{"dataset":"orgb70aa049.crm","table":"contacts","scope":"Organization"},"authentication":"@parameters('$authentication')"}}},"actions":{"Get_location_by_address":{"runAfter":{},"type":"OpenApiConnection","inputs":{"host":{"connectionName":"shared_bingmaps","operationId":"GetLocationByAddress","apiId":"/providers/Microsoft.PowerApps/apis/shared_bingmaps"},"parameters":{"addressLine":"@triggerOutputs()?['body/address1_line1']","locality":"@triggerOutputs()?['body/address1_city']","adminDistrict":"@triggerOutputs()?['body/address1_stateorprovince']","postalCode":"@triggerOutputs()?['body/address1_postalcode']","countryRegion":"@triggerOutputs()?['body/address1_county']"},"authentication":"@parameters('$authentication')"}},"Update_a_record":{"runAfter":{"Get_location_by_address":["Succeeded"]},"type":"OpenApiConnection","inputs":{"host":{"connectionName":"shared_commondataservice","operationId":"PatchItem_V2","apiId":"/providers/Microsoft.PowerApps/apis/shared_commondataservice"},"parameters":{"dataset":"orgb70aa049.crm","table":"contacts","id":"@triggerOutputs()?['body/contactid']","item/address1_latitude":"@outputs('Get_location_by_address')?['body/point/coordinates/latitude']","item/address1_longitude":"@outputs('Get_location_by_address')?['body/point/coordinates/longitude']","item/_parentcustomerid_type":"","item/_ownerid_type":""},"authentication":"@parameters('$authentication')"}}},"outputs":{}}},"schemaVersion":"1.0.0.0"}